{
  "feature_cols": [
    "pct_return",
    "volatility",
    "volume_intensity",
    "price_speed"
  ],
  "scaler": {
    "mean": [
      -2.1504562762192684e-05,
      8.686511839189233e-05,
      171.50498452808517,
      0.0002877492323176619
    ],
    "std": [
      0.0003321772207152336,
      9.297789217797573e-05,
      538.6034879920184,
      0.0003168204303042228
    ]
  },
  "lr": {
    "coefficients": [
      0.08600174641535539,
      0.40362007319894877,
      0.3583768501335714,
      0.4875838421655489
    ],
    "intercept": -3.3717481251896624
  }
}